{"_runtime":13,"_wandb":{"runtime":13},"train_accuracy":0.9908256880733946,"val_recall":1,"_timestamp":1.7803729040923436e+09,"best_val_loss":0.0007101003429852426,"best_val_f1":1,"_step":29,"train_recall":0.9944444444444445,"val_precision":1,"train_loss":0.014687069533649115,"val_accuracy":1,"val_loss":0.001176736201159656,"train_precision":0.9876543209876543,"train_f1":0.99090957137572,"lr":0,"val_f1":1,"epoch":30}