{
  "selection_metric": "val_loss",
  "selection_value": 0.2154342532157898,
  "best_epoch": 28,
  "selected_threshold": 0.10108191536690382,
  "raw_known_acc": 0.9714285714285714,
  "val_metrics": {
    "open_accuracy": 0.8666666666666667,
    "open_macro_f1": 0.8676739926739927,
    "known_accuracy": 0.8,
    "unknown_accuracy": 0.925
  },
  "test_metrics": {
    "open_accuracy": 0.8533333333333334,
    "open_macro_f1": 0.8375140339536625,
    "known_accuracy": 0.7714285714285715,
    "unknown_accuracy": 0.925
  },
  "normalization_stats": {
    "0": {
      "mean": 0.27901828862153566,
      "std": 0.07765223021479946,
      "n": 26
    },
    "1": {
      "mean": 0.20969704861442248,
      "std": 0.07989000981975027,
      "n": 60
    },
    "2": {
      "mean": 0.20051427768624347,
      "std": 0.14830932212031622,
      "n": 23
    }
  },
  "result_rows_path": "/home/minje/icpbl-wafer-open-set/baseline/checkpoints/v2/fine_search_round2/fs_r2_ac18_sharp110_p20/resnet18_best_val_loss_epoch28_layer2_patch_topk12_global_norm_test_results.json",
  "summary_path": "/home/minje/icpbl-wafer-open-set/baseline/checkpoints/v2/fine_search_round2/fs_r2_ac18_sharp110_p20/resnet18_best_val_loss_epoch28_layer2_patch_global_norm_train_known_summary.json"
}