{"val_accuracy":1,"epoch":30,"best_val_loss_epoch":30,"best_val_f1_epoch":1,"_runtime":14,"train_f1":0.99090957137572,"train_precision":0.9876543209876543,"val_precision":1,"val_recall":1,"_timestamp":1.7803752277927332e+09,"lr":0,"train_recall":0.9944444444444445,"train_loss":0.3643289137324062,"train_accuracy":0.9908256880733946,"best_val_f1":1,"best_val_loss":0.3568967878818512,"val_loss":0.3568967878818512,"_wandb":{"runtime":14},"val_f1":1,"_step":29}