{"_runtime":42,"best_val_loss_epoch":85,"_wandb":{"runtime":42},"train_f1":1,"train_precision":1,"best_val_loss":0.0006353334756568074,"best_val_f1_epoch":4,"val_accuracy":1,"val_recall":1,"_step":99,"val_f1":1,"val_loss":0.0007779440493322909,"_timestamp":1.7803736600817194e+09,"lr":0,"train_loss":0.0016268375676783194,"train_accuracy":1,"train_recall":1,"val_precision":1,"epoch":100,"best_val_f1":1}