{"val_accuracy":1,"val_recall":1,"lr":0,"val_open_macro_f1":0.867095063239494,"best_epoch":29,"test_known_accuracy":0.8,"test_open_accuracy":0.8666666666666667,"_runtime":0.13369966,"test_open_macro_f1":0.8447322256057196,"val_f1":1,"_step":30,"best_val_loss":0.21581946313381195,"train_loss":0.22624609434823378,"val_open_accuracy":0.8933333333333333,"val_precision":1,"test_unknown_accuracy":0.925,"epoch":30,"_timestamp":1.7805496539638247e+09,"train_precision":1,"train_recall":1,"train_accuracy":1,"_wandb":{"runtime":0},"train_f1":1,"val_loss":0.21817150712013245}