{"train_accuracy":0.9908256880733946,"train_loss":0.014687069533649115,"_wandb":{"runtime":13},"_step":29,"_timestamp":1.7803747814127584e+09,"val_accuracy":1,"val_loss":0.001176736201159656,"val_precision":1,"best_val_loss_epoch":18,"_runtime":13,"train_precision":0.9876543209876543,"train_recall":0.9944444444444445,"best_val_f1":1,"train_f1":0.99090957137572,"val_recall":1,"best_val_f1_epoch":2,"lr":0,"best_val_loss":0.0007101003429852426,"epoch":30,"val_f1":1}