{"_timestamp":1.780374689766628e+09,"best_val_loss_epoch":38,"_runtime":17,"train_precision":1,"best_val_f1_epoch":4,"_step":39,"lr":0,"val_f1":1,"val_precision":1,"epoch":40,"best_val_f1":1,"val_recall":1,"train_recall":1,"best_val_loss":0.0020621311850845814,"train_loss":0.010833043218462155,"_wandb":{"runtime":17},"val_loss":0.00227994448505342,"train_accuracy":1,"val_accuracy":1,"train_f1":1}