{"val_recall":1,"val_loss":0.001176736201159656,"best_val_f1_epoch":2,"val_f1":1,"_step":29,"val_accuracy":1,"best_val_loss":0.0007101003429852426,"_timestamp":1.7803730334444995e+09,"_wandb":{"runtime":13},"_runtime":13,"best_val_loss_epoch":18,"train_recall":0.9944444444444445,"train_f1":0.99090957137572,"best_val_f1":1,"train_precision":0.9876543209876543,"epoch":30,"train_loss":0.014687069533649115,"lr":0,"train_accuracy":0.9908256880733946,"val_precision":1}