{
  "selection_metric": "val_loss",
  "selection_value": 0.2210060954093933,
  "best_epoch": 27,
  "selected_threshold": 0.5085510808842714,
  "raw_known_acc": 0.9714285714285714,
  "val_metrics": {
    "open_accuracy": 0.8666666666666667,
    "open_macro_f1": 0.8854166666666666,
    "known_accuracy": 0.8571428571428571,
    "unknown_accuracy": 0.875
  },
  "test_metrics": {
    "open_accuracy": 0.8133333333333334,
    "open_macro_f1": 0.8039710755342195,
    "known_accuracy": 0.8,
    "unknown_accuracy": 0.825
  },
  "normalization_stats": {
    "0": {
      "mean": 0.2826269074128224,
      "std": 0.0789118844417684,
      "n": 26
    },
    "1": {
      "mean": 0.2275225316484769,
      "std": 0.08085058681852961,
      "n": 60
    },
    "2": {
      "mean": 0.21515689660673556,
      "std": 0.1447429463075396,
      "n": 23
    }
  },
  "result_rows_path": "/home/minje/icpbl-wafer-open-set/baseline/checkpoints/v2/fine_search_round1/fs_r1_rot4_ac20/resnet18_best_val_loss_epoch27_layer2_patch_topk12_global_norm_test_results.json",
  "summary_path": "/home/minje/icpbl-wafer-open-set/baseline/checkpoints/v2/fine_search_round1/fs_r1_rot4_ac20/resnet18_best_val_loss_epoch27_layer2_patch_global_norm_train_known_summary.json"
}