{"lr":0,"_timestamp":1.7803733238238533e+09,"val_precision":1,"train_accuracy":1,"_runtime":44,"train_recall":1,"best_val_f1_epoch":2,"val_accuracy":1,"best_val_loss_epoch":92,"val_recall":1,"train_f1":1,"_step":99,"best_val_f1":1,"best_val_loss":0.0004266180330887437,"train_precision":1,"val_f1":1,"train_loss":0.0013751166930353832,"_wandb":{"runtime":44},"epoch":100,"val_loss":0.000552062236238271}