{"val_accuracy":1,"best_epoch":25,"train_accuracy":1,"val_precision":1,"_step":30,"train_recall":1,"test_open_accuracy":0.8666666666666667,"val_open_macro_f1":0.8607380274046941,"val_loss":0.21858274936676025,"_runtime":0.095995179,"val_open_accuracy":0.8533333333333334,"lr":0,"best_val_loss":0.21734918653964996,"test_known_accuracy":0.8,"test_unknown_accuracy":0.925,"test_open_macro_f1":0.8447322256057196,"val_recall":1,"_wandb":{"runtime":0},"_timestamp":1.7805467769723356e+09,"train_precision":1,"val_f1":1,"train_loss":0.24778733669071024,"epoch":30,"train_f1":1}