{
  "selection_metric": "val_loss",
  "selection_value": 0.21581946313381195,
  "best_epoch": 29,
  "selected_threshold": 0.09808522504334695,
  "raw_known_acc": 0.9714285714285714,
  "val_metrics": {
    "open_accuracy": 0.8933333333333333,
    "open_macro_f1": 0.867095063239494,
    "known_accuracy": 0.8,
    "unknown_accuracy": 0.975
  },
  "test_metrics": {
    "open_accuracy": 0.8666666666666667,
    "open_macro_f1": 0.8447322256057196,
    "known_accuracy": 0.8,
    "unknown_accuracy": 0.925
  },
  "normalization_stats": {
    "0": {
      "mean": 0.28214847984222263,
      "std": 0.0808027722414055,
      "n": 26
    },
    "1": {
      "mean": 0.2283815654615561,
      "std": 0.07950901114477742,
      "n": 60
    },
    "2": {
      "mean": 0.20786861589421396,
      "std": 0.15079384153317435,
      "n": 23
    }
  },
  "result_rows_path": "/home/minje/icpbl-wafer-open-set/best_model/best_run/resnet18_best_val_loss_epoch29_layer2_patch_topk12_global_norm_test_results.json",
  "summary_path": "/home/minje/icpbl-wafer-open-set/best_model/best_run/resnet18_best_val_loss_epoch29_layer2_patch_global_norm_train_known_summary.json"
}