{
  "selection_metric": "val_loss",
  "selection_value": 0.2161959707736969,
  "best_epoch": 30,
  "selected_threshold": 0.5421232916430198,
  "raw_known_acc": 0.9714285714285714,
  "val_metrics": {
    "open_accuracy": 0.8666666666666667,
    "open_macro_f1": 0.8854166666666666,
    "known_accuracy": 0.8571428571428571,
    "unknown_accuracy": 0.875
  },
  "test_metrics": {
    "open_accuracy": 0.8,
    "open_macro_f1": 0.7957459207459208,
    "known_accuracy": 0.8,
    "unknown_accuracy": 0.8
  },
  "normalization_stats": {
    "0": {
      "mean": 0.27719271584199023,
      "std": 0.07916818400301859,
      "n": 26
    },
    "1": {
      "mean": 0.22495762209097545,
      "std": 0.07854446010092253,
      "n": 60
    },
    "2": {
      "mean": 0.20129334375910138,
      "std": 0.14878433553390855,
      "n": 23
    }
  },
  "result_rows_path": "/home/minje/icpbl-wafer-open-set/baseline/checkpoints/v2/fine_search_round4/fs_r4_ac17_sharp112_p20/resnet18_best_val_loss_epoch30_layer2_patch_topk12_global_norm_test_results.json",
  "summary_path": "/home/minje/icpbl-wafer-open-set/baseline/checkpoints/v2/fine_search_round4/fs_r4_ac17_sharp112_p20/resnet18_best_val_loss_epoch30_layer2_patch_global_norm_train_known_summary.json"
}