{"best_val_loss_epoch":92,"val_loss":0.000552062236238271,"val_recall":1,"best_val_loss":0.0004266180330887437,"val_f1":1,"train_precision":1,"train_accuracy":1,"train_recall":1,"train_f1":1,"_timestamp":1.7803734279999511e+09,"_runtime":45,"train_loss":0.0013751166930353832,"val_accuracy":1,"val_precision":1,"_step":99,"_wandb":{"runtime":45},"best_val_f1":1,"lr":0,"epoch":100,"best_val_f1_epoch":2}