{"val_f1":1,"best_val_f1_epoch":2,"train_loss":0.014687069533649115,"epoch":30,"val_accuracy":1,"best_val_loss_epoch":18,"_wandb":{"runtime":14},"_timestamp":1.7803731868383362e+09,"lr":0,"train_precision":0.9876543209876543,"_step":29,"val_recall":1,"train_recall":0.9944444444444445,"train_accuracy":0.9908256880733946,"best_val_f1":1,"best_val_loss":0.0007101003429852426,"val_loss":0.001176736201159656,"_runtime":14,"train_f1":0.99090957137572,"val_precision":1}